<?xml version="1.0" encoding="UTF-8" standalone="yes"?>
<pictures>
    <picture>
        <url>google.pictures#1</url>
    </picture>
    <picture>
    </picture>
    <picture>
        <url>google.pictures#2</url>
    </picture>
    <picture>
        <url>google.pictures#3</url>
    </picture>
    <picture>
        <url>google.pictures#4</url>
    </picture>
    <picture>
        <url>google.pictures#5</url>
    </picture>
    <picture>
        <url>google.pictures#6</url>
    </picture>
    <picture>
        <url>google.pictures#7</url>
    </picture>
    <picture>
        <url>google.pictures#8</url>
    </picture>
    <picture>
        <url>google.pictures#9</url>
    </picture>
    <picture>
        <url>google.pictures#10</url>
    </picture>
    <picture>
        <url>slack#1</url>
    </picture>
    <picture>
        <url>slack#2</url>
    </picture>
    <picture>
        <url>slack#3</url>
    </picture>
    <picture>
        <url>slack#4</url>
    </picture>
    <picture>
        <url>slack#5</url>
    </picture>
    <picture>
        <url>slack#6</url>
    </picture>
    <picture>
        <url>slack#7</url>
    </picture>
    <picture>
        <url>slack#8</url>
    </picture>
    <picture>
        <url>slack#9</url>
    </picture>
    <picture>
        <url>slack#10</url>
    </picture>
    <picture>
        <url>fc_pictures_1</url>
    </picture>
    <picture>
        <url>fc_pictures_2</url>
    </picture>
    <picture>
        <url>fc_pictures_3</url>
    </picture>
    <picture>
        <url>fc_pictures_4</url>
    </picture>
    <picture>
        <url>fc_pictures_5</url>
    </picture>
    <picture>
        <url>fc_pictures_6</url>
    </picture>
    <picture>
        <url>fc_pictures_7</url>
    </picture>
    <picture>
        <url>fc_pictures_8</url>
    </picture>
    <picture>
        <url>fc_pictures_9</url>
    </picture>
    <picture>
        <url>google.pictures#11</url>
    </picture>
    <picture>
        <url>google.pictures#12</url>
    </picture>
    <picture>
        <url>google.pictures#13</url>
    </picture>
    <picture>
        <url>google.pictures#14</url>
    </picture>
    <picture>
        <url>google.pictures#15</url>
    </picture>
    <picture>
        <url>google.pictures#16</url>
    </picture>
    <picture>
        <url>google.pictures#17</url>
    </picture>
    <picture>
        <url>google.pictures#18</url>
    </picture>
    <picture>
        <url>google.pictures#19</url>
    </picture>
    <picture>
        <url>google.pictures#20</url>
    </picture>
    <picture>
        <url>google.pictures#21</url>
    </picture>
</pictures>
